<?xml version="1.0" encoding="UTF-8"?>
<jproj>
  <title></title>
  <model id="1" path="aumentar_esquina~1">
  <title>aumentar esquina</title>
    <study id="1" path="aumentar_esquina~1/2D_Static~1">
    <title>2D Static</title>
    <description></description>
    <solver_id>13</solver_id>
    <pre_solver_id>13</pre_solver_id>
    <num_cores>1</num_cores>
    <multi_cpu_type>0</multi_cpu_type>
      <case>Case1</case>
    </study>
  </model>
  <model id="2" path="aumentar_esquina_1~2">
  <title>aumentar esquina_1</title>
    <study id="2" path="aumentar_esquina_1~2/Static_2~2">
    <title>Static 2</title>
    <description></description>
    <solver_id>0</solver_id>
    <pre_solver_id>0</pre_solver_id>
    <num_cores>1</num_cores>
    <multi_cpu_type>0</multi_cpu_type>
      <case>Case1</case>
    </study>
  </model>
</jproj>
